{
    "micropython.description.examples":"MicroPython 示例",
    "micropython.description.library":"MicroPython 庫文件",
    "micropython.description.title":"VSCode 最好用的 MicroPython 外掛程式",
    "micropython.createProject.title":"創建 MicroPython 工程",
    "micropython.createProjectDescribe.title":"創建工程按鈕配置",
    "micropython.connectionButton.title":"設備連接/斷開",
    "micropython.connectionButtonDescribe.title":"設備連接管理按鈕配置",
    "micropython.executeButton.run":"運行",
    "micropython.executeButtonDescribe.title":"運行按鈕配置",
    "micropython.stopButton.title":"停止",
    "micropython.stopButtonDescribe.title":"停止按鈕配置",
    "micropython.syncButton.title":"同步",
    "micropython.syncButtonDescribe.title":"同步按鈕配置",
    "micropython.update.title":"更新示例",
    "micropython.add.title":"將該檔添加到工程根目錄",
    "micropython.addLibrary.title":"將該檔庫添加到工程根目錄",
    "micropython.connection.title":"設備連接管理",
    "micropython.execute.title":"下載並在設備上運行該 MicroPython 檔",
    "micropython.stop.title":"停止運行",
    "micropython.executeLines.title":"在設備上執行選中的 MicroPython 代碼",
    "micropython.executeFile.title":"直接在設備上運行該 MicroPython 檔",
    "micropython.download.title":"下載該檔/資料夾到設備上",
    "micropython.main.pythonTip":"為了獲取更好的使用體驗，請閱讀說明文檔安裝所依賴的 Python 外掛程式。",
    "micropython.main.sampleCodeTip":"請不要修改示例代碼檔！",
    "micropython.connectDevices.labelNnoe":"未搜索到設備",
    "micropython.connectDevices.connectedUSB":"  USB 設備已連接",
    "micropython.connectDevices.deviceConnected":"  設備已連接，點擊斷開",
    "micropython.connectDevices.clickToConnected":"  點擊連接此設備",
    "micropython.connectDevices.disconnectedSuccessful":" 設備斷開成功",
    "micropython.connectDevices.nonOperational":"不可操作",
    "micropython.connectDevices.deviceConnectedTip":" 設備已經連接成功",
    "micropython.connectDevices.connectedSuccessful":" 設備連接成功",
    "micropython.connectDevices.UOS":"UOS 模組未啟用",
    "micropython.connectDevices.connectFailed":"  連接失敗，請檢查該串口是否被其他應用程式佔用",
    "micropython.execute.noDeviceConnected":"當前沒有設備連接",
    "micropython.execute.clickToRun":"點擊運行",
    "micropython.execute.noChinese":"工程資料夾名字不能為中文！",
    "micropython.execute.createProjectFirst":"運行代碼前請先創建 MicroPython 工程！",
    "micropython.execute.libraryAddFrist":" 是庫檔，請先添加到工程再運行！",
    "micropython.execute.openTheFile":"請打開您要運行的檔!",
    "micropython.execute.executeFailed":"檔同步失敗，請嘗試重啟設備後再運行檔",
    "micropython.execute.queryFailed":"查詢檔同步清單錯誤",
    "micropython.execute.syncSussessful":"檔同步成功",
    "micropython.treeView.createProjectFirst":"請先創建 MicroPython 工程！",
    "micropython.treeView.sampleVersion":"示例版本 ",
    "micropython.treeView.libraryAddSuccessful":" 庫添加成功 ",
    "micropython.treeView.sampleUpdating":"正在更新示例，請稍等...",
    "micropython.treeView.sampleUpdateSuccess":"示例更新成功",
    "micropython.treeView.latestVersion":"已經是最新示例",
    "micropython.treeView.sampleUpdateFail":"更新示例失敗",
    "micropython.create.openProject":"打開已有 MicroPython 工程",
    "micropython.create.createProject":"創建新的 MicroPython 工程",
    "micropython.create.createBaseProject":"創建一個空白 MicroPython 工程",
    "micropython.create.createDemoProject":"創建一個基於 demo 的 MicroPython 工程",
    "micropython.create.inputFileName":"請輸入工程名",
    "micropython.create.notChinese":"工程名不能為中文",
    "micropython.create.selectFolder":"請選擇一個 demo 工程",
    "micropython.create.clickTochoice":"點擊選擇工程存放位置",
    "micropython.create.changeProject":" 工程已經存在，請選擇其他位置",
    "micropython.execute.notMicroPythonBoard":"所連接設備可能未處於 repl 狀態或者不是一個 micropython 設備",
    "micropython.execute.failedtoAccess":" 串口連接失敗，請確保該串口未被佔用",
    "micropython.execute.uosModuleFailed":"檢測到 uos 模組未開啟，請開啟該功能後再使用檔同步功能",
    "micropython.downloadFile.downloadFileSuccessful":"檔下載成功"
}


